,key_0,1,2,3,IQ
0,01100100101,2165.6163940429688,5645.200412326389,6740.636393229167,6.53125
1,01100100102,947.6251438685825,2463.585431780134,3417.5085797991073,0.0
2,01100100104,996.372998046875,1463.83681640625,2198.248681640625,6.657894736842105
3,01100100105,1162.8353271484375,1511.038330078125,2624.7410481770835,7.266666666666667
4,01100100106,933.3480224609375,1665.9395141601562,2447.583984375,6.575
5,01100100107,1032.1050415039062,1704.3350219726562,2595.1239013671875,8.153846153846153
6,01100100109,1169.7349853515625,1510.4129638671875,2552.635986328125,8.04
7,01100100111,956.5826822916666,1491.8903401692708,2638.3583170572915,6.984126984126984
8,01100100112,1253.4739990234375,1500.9559936523438,2754.8819580078125,7.392857142857143
9,01100100113,1200.8049926757812,1582.385009765625,2843.642578125,8.397058823529411
10,01100100114,822.256787109375,1841.4135986328124,3026.8326171875,7.324324324324325
11,01100100115,1294.4619954427083,1693.4813232421875,3084.9766438802085,7.9523809523809526
12,01100100117,833.1036580403646,2036.2423909505208,2444.9056803385415,7.352941176470588
13,01100100201,1213.6710205078125,2056.2987365722656,3594.9262084960938,2.4
14,01100100202,563.1339721679688,2021.9439697265625,3090.510009765625,7.4375
15,01100100203,306.9504928588867,2205.02197265625,3332.014404296875,6.142857142857143
16,01100100205,1046.8625183105469,1971.7844848632812,3486.0205078125,6.681818181818182
17,01100100206,740.2173461914062,1973.0663248697917,3288.6097005208335,6.316666666666666
18,01100100207,381.22239990234374,2709.26318359375,3771.12119140625,5.833333333333333
19,01100100208,157.7606658935547,2547.5496419270835,3658.9853515625,7.217391304347826
20,01100100209,194.15900421142578,2532.7540283203125,3712.1959838867188,6.1940298507462686
21,01100100210,423.3473358154297,2502.9773763020835,3896.1673177083335,5.785714285714286
22,01100100211,855.5799983097957,2734.30029296875,4235.9341383713945,6.142857142857143
23,01100100212,541.9576619466146,2717.878662109375,4014.777587890625,6.625
24,01100100213,693.8405151367188,2956.43994140625,4006.9154052734375,6.105263157894737
25,01100100214,1444.4367797851562,3080.16455078125,4615.6001953125,0.0
26,01100100215,367.2959899902344,2757.0849609375,3858.596923828125,4.0
27,01100100216,528.7349853515625,2816.135986328125,4001.554931640625,6.434782608695652
28,01100100217,810.0,2917.462890625,4282.81982421875,9.38888888888889
29,01100100218,947.6323445638021,2985.2080078125,4420.452311197917,7.888888888888889
30,01100100219,659.68798828125,2947.089111328125,4132.5078125,6.85
31,01100100220,895.6777496337891,3259.2086791992188,4344.2476806640625,4.903225806451613
32,01100100221,1273.35302734375,3445.5233561197915,4746.173177083333,6.674418604651163
33,01100100222,1075.3194580078125,3362.7205810546875,4548.139404296875,5.655172413793103
34,01100200101,902.7107195172991,2922.696707589286,3170.5600237165177,12.4
35,01100200102,1232.960673014323,2842.840830485026,2951.2467346191406,9.508771929824562
36,01100200103,867.5979817708334,2819.9715983072915,3058.1686197916665,11.63888888888889
37,01100200104,910.7509765625,2768.402099609375,3006.59912109375,13.8
38,01100200105,1307.9810180664062,2472.2225341796875,2744.4949951171875,12.571428571428571
39,01100200106,1158.34965297154,2787.21231515067,3052.830235072545,11.047619047619047
40,01100200108,1073.310581752232,2716.730154854911,2972.6660679408483,12.5
41,01100200109,1094.541015625,2596.8175048828125,2835.0145263671875,12.114285714285714
42,01100200110,1216.49990234375,2554.9880859375,2744.06611328125,0.0
43,01100200111,1216.8921915690105,2477.617146809896,2748.038330078125,10.423076923076923
44,01100200112,1514.740576171875,2407.81201171875,2587.588623046875,0.0
45,01100200201,614.6130065917969,639.8110046386719,1699.8670043945312,7.12962962962963
46,01100200202,364.57940063476565,953.2786010742187,1917.6545654296874,6.612244897959184
47,01100200204,142.08399963378906,870.3159790039062,1753.885986328125,6.161290322580645
48,01100200205,291.00950622558594,1146.1165161132812,1829.9595336914062,5.935483870967742
49,01100200206,22.23566659291585,999.9269816080729,1624.2749837239583,7.851851851851852
50,01100200208,296.66650390625,1290.5474853515625,1490.1389770507812,7.85
51,01100200209,193.62649536132812,1206.0264892578125,1418.175537109375,6.875
52,01100200210,527.7660064697266,1469.1189880371094,1545.1604919433594,7.128205128205129
53,01100200211,542.3459899902343,1112.9873779296875,1297.63818359375,6.885714285714286
54,01100200212,540.6855010986328,1395.429178873698,1553.0855102539062,5.818181818181818
55,01100200213,755.1610107421875,856.6409912109375,1641.2049560546875,8.078125
56,01100200215,643.343505859375,1157.0369873046875,1655.7434692382812,8.857142857142858
57,01100200216,796.2160034179688,1098.8186848958333,1808.6160074869792,6.578947368421052
58,01100200217,1025.981393432617,1739.5648620605468,2410.7536560058593,0.0
59,01100200301,1684.080655924479,2399.8338216145835,2866.383723958333,10.46875
60,01100200302,1804.6576741536458,2158.6353352864585,2892.7763671875,12.333333333333334
61,01100200303,1489.1026814778645,2719.4373372395835,3810.3091023763022,11.704545454545455
62,01100200304,1861.944384765625,2089.598388671875,2950.83037109375,4.0
63,01100200305,1445.9214477539062,2496.237060546875,3591.673095703125,15.0
64,01100200306,1273.4893391927083,2738.297607421875,3833.733642578125,11.0
65,01100200307,1080.6306559244792,2841.1043294270835,3936.5403645833335,13.125
66,01100200308,1187.1592712402344,2808.7310180664062,3904.1669311523438,12.666666666666666
67,01100200309,1143.0390014648438,2845.073486328125,3940.509521484375,13.2
68,01100200311,1001.6549987792969,2955.01806640625,4050.4541015625,11.4
69,01100200312,1073.9759521484375,2917.9609375,4013.39697265625,15.0
70,01100200401,1088.929660373264,1604.5723470052083,1764.9089898003472,6.823529411764706
71,01100200402,962.0146280924479,1304.6900227864583,1428.1199951171875,8.26923076923077
72,01100200403,1009.3660278320312,1450.27197265625,1573.7020263671875,7.6
73,01100200404,1237.626416015625,1374.494189453125,1607.485595703125,11.857142857142858
74,01100200405,895.280029296875,1018.7100219726562,1113.2259521484375,6.984375
75,01100200406,657.4530029296875,1104.8189697265625,1407.7750244140625,7.426966292134831
76,01100200407,529.7382507324219,1225.2592468261719,1406.312255859375,7.454545454545454
77,01100200409,812.6595001220703,904.9844970703125,1722.1307678222656,8.9
78,01100200410,747.281005859375,843.4819946289062,1310.157958984375,7.160714285714286
79,01100200411,395.049129486084,1215.972396850586,1346.4938507080078,11.848484848484848
80,01100200412,654.6389973958334,884.0506795247396,1501.6573486328125,6.618181818181818
81,01100200413,624.9949951171875,721.1959838867188,1410.739990234375,6.7727272727272725
82,01100200415,605.2769775390625,697.1630249023438,1514.218994140625,6.849056603773585
83,01100200416,522.2420043945312,618.4429931640625,1513.4930419921875,5.916666666666667
84,01100200501,574.3696797688802,1464.3616943359375,1635.9519856770833,6.823529411764706
85,01100200502,501.3529866536458,1483.7019856770833,1689.1853434244792,7.708333333333333
86,01100200504,620.2230224609375,1602.572021484375,1869.0059814453125,9.451612903225806
87,01100200505,711.3410034179688,1477.281982421875,2155.337890625,8.85
88,01100200506,504.4530029296875,1270.39404296875,2007.498046875,8.041666666666666
89,01100200507,1217.7446797688801,1446.471659342448,1784.2886555989583,7.968421052631579
90,01100200508,694.9738362630209,1125.7561645507812,1678.5536702473958,7.225225225225225
91,01100200509,557.4065093994141,1085.8404846191406,1366.5584716796875,7.7611940298507465
92,01100200510,606.5650024414062,1110.781005859375,1414.2779541015625,9.25
93,01100200511,941.9119873046875,953.7680053710938,1546.75,7.708333333333333
94,01100200512,746.06201171875,1165.9520263671875,1289.8585205078125,6.421052631578948
95,01100200513,998.42333984375,1228.2891642252605,1448.5646362304688,7.642857142857143
96,01100200514,963.5946655273438,1289.861328125,1441.7266438802083,6.261682242990654
97,01100200602,105.83300018310547,1088.1820068359375,1731.041015625,7.948717948717949
98,01100200603,422.3340148925781,718.3510131835938,1613.4010009765625,7.2631578947368425
99,01100200604,384.54734293619794,627.8526814778646,1747.3886311848958,7.466666666666667
100,01100200605,427.58599853515625,584.8140258789062,1729.5479736328125,7.857142857142857
101,01100200606,202.07150268554688,810.3285217285156,1805.93896484375,6.96
102,01100200607,107.01850128173828,996.1890258789062,1732.2265014648438,7.848484848484849
103,01100200608,416.08399963378906,781.2890014648438,1687.3290405273438,7.089743589743589
104,01100200609,361.4386698404948,947.2243245442709,1969.6562906901042,6.637931034482759
105,01100200610,723.6896769205729,878.4756876627604,1801.8819986979167,8.421621621621622
106,01100200701,700.4333905475895,3527.3965975133383,4619.659388100229,0.0
107,01100200702,578.3920288085938,3413.544921875,4508.98095703125,9.166666666666666
108,01100200703,647.7999877929688,3482.952880859375,4578.38916015625,6.473684210526316
109,01100200704,488.40899658203125,3503.528076171875,4598.9638671875,7.882352941176471
110,01100200705,550.0419921875,3565.160888671875,4660.59716796875,7.833333333333333
111,01100200706,371.85767618815106,3611.3727213541665,4706.80859375,7.9818181818181815
112,01100200707,304.92498779296875,3772.906005859375,4868.341796875,8.88888888888889
113,01100200708,380.3710021972656,3697.4599609375,4792.89599609375,8.571428571428571
114,01100200709,177.4499969482422,3744.284912109375,4839.72119140625,5.666666666666667
115,01100200711,236.89100646972656,3775.10205078125,4870.5380859375,6.6
116,01100200712,361.61199951171875,3825.950927734375,4921.38720703125,6.0
117,01100200801,735.7129444795496,3388.499906652114,4483.935920266544,0.0
118,01100200802,959.8919982910156,2997.594482421875,4093.030517578125,10.555555555555555
119,01100200803,987.2050170898438,3107.212890625,4202.64892578125,12.411764705882353
120,01100200804,803.704115125868,3219.2654622395835,4314.701443142361,10.833333333333334
121,01100200805,850.708984375,3141.22802734375,4236.6640625,9.5
122,01100200806,839.8269958496094,3212.81689453125,4308.253173828125,10.0
123,01100200808,686.1880187988281,3305.7490234375,4401.18505859375,7.2
124,01100200809,727.6010131835938,3393.2119140625,4488.64794921875,8.384615384615385
125,01100200901,824.9375,1008.9725036621094,1377.5894775390625,8.12
126,01100200902,934.6184692382812,1749.85302734375,1871.6317138671875,6.511627906976744
127,01100200904,839.6270141601562,840.9340209960938,1540.112060546875,6.851851851851852
128,01100200905,633.343017578125,978.458984375,1857.4949951171875,6.648148148148148
129,01100200906,669.927490234375,1190.9624633789062,1896.1704711914062,6.961904761904762
130,01100200908,542.5075073242188,1100.6589965820312,1892.781005859375,6.357142857142857
131,01100200909,819.454345703125,1015.0613403320312,2027.4613444010417,6.545454545454546
132,01100200910,387.30967203776044,1239.8680013020833,2118.9039713541665,6.378378378378378
133,01100200911,628.4520263671875,1062.1910400390625,2074.591064453125,6.5
134,01100200912,327.5090026855469,1306.04248046875,2052.22998046875,6.271186440677966
135,01100200913,450.06500244140625,1240.5780029296875,2252.97802734375,7.583333333333333
136,01100200914,458.55774688720703,1468.6857299804688,2150.9214782714844,7.96
137,01100200915,93.86116727193196,1609.922831217448,2304.924845377604,6.295454545454546
138,01100200916,394.0307922363281,1978.71279296875,2232.441259765625,8.0
139,01100200917,519.9669901529948,1666.4350179036458,1928.5059814453125,6.958333333333333
140,01100200918,285.19366455078125,1698.4136962890625,2135.9376627604165,6.344827586206897
141,01100200919,408.6125030517578,2020.4144287109375,2243.2274169921875,8.45945945945946
142,01100200920,370.7250061035156,1884.9610595703125,2056.10498046875,6.5
143,01100201001,286.5790100097656,3824.7900390625,4920.225830078125,5.808510638297872
144,01100201002,140.21599960327148,3904.06494140625,4999.5009765625,6.0
145,01100201003,506.93322414822046,3875.6686740451387,4971.104600694444,7.9
146,01100201004,231.34800338745117,3995.197021484375,5090.6329345703125,6.463414634146342
147,01100201005,435.8392562866211,3909.8770141601562,5005.3131103515625,5.666666666666667
148,01100201006,355.42401123046875,3890.110107421875,4985.5458984375,5.219101123595506
149,01100201007,369.6439971923828,4035.138916015625,5130.574951171875,6.191489361702128
150,01100201010,877.7765553792318,4457.661268446181,5553.097303602431,5.914285714285715
151,01100300101,1910.031787109375,2548.545788574219,2898.853057861328,0.0
152,01100300102,555.8243204752604,777.3356730143229,1802.9110107421875,8.307692307692308
153,01100300103,380.17966715494794,708.5013224283854,1718.531982421875,6.5396825396825395
154,01100300104,216.20899963378906,872.4720255533854,1620.2480061848958,6.461538461538462
155,01100300105,1651.3907775878906,1814.2367248535156,2260.9215087890625,9.538461538461538
156,01100300106,399.4134979248047,773.5320129394531,1756.6704711914062,5.953488372093023
157,01100300107,187.85366821289062,1031.650655110677,1646.3326822916667,6.662337662337662
158,01100300108,870.854100036621,1378.8244140625,1725.2394775390626,7.946428571428571
159,01100300109,122.3326644897461,1042.2506713867188,1580.8116861979167,8.359649122807017
160,01100300110,201.84100341796875,1060.3369750976562,1303.7916666666667,9.424242424242424
161,01100300111,472.7734008789063,1121.1326171875,1315.0628173828125,8.006451612903225
162,01100300112,1321.900634765625,3822.484952059659,4114.070956143466,0.0
163,01100300201,2124.5406605113635,2287.3866558652935,3207.3046727035985,0.0
164,01100300202,1680.8697112327397,1843.7157294694769,2763.6337152525434,9.6
165,01100300203,836.0079956054688,1026.6714965820313,1869.9182006835938,7.0588235294117645
166,01100300204,905.612042549329,1663.3010034805689,2145.8675724909854,0.0
167,01100300205,732.7927551269531,869.7554931640625,1592.7692260742188,6.848101265822785
168,01100300206,810.1727447509766,902.4494781494141,1817.4197387695312,8.238095238095237
169,01100300207,803.0993245442709,1019.0336608886719,1938.95166015625,6.275862068965517
170,01100300209,668.207763671875,872.6282501220703,1780.4342346191406,7.821428571428571
171,01100300210,409.13280029296874,1088.9969970703125,1932.011572265625,7.171428571428572
172,01100300211,447.7429962158203,1149.0840454101562,2069.0020141601562,6.615384615384615
173,01100300212,277.91075134277344,1255.9002380371094,1886.8922424316406,6.882352941176471
174,01100300214,329.1677474975586,1535.583740234375,1788.0464782714844,7.478260869565218
175,01100300301,1038.6940104166667,1508.2865668402778,1840.9508734809028,3.3684210526315788
176,01100300302,1026.9336460658483,1700.7168579101562,2054.6727120535716,4.416666666666667
177,01100300303,487.8645673479353,1153.0120152064733,1527.9854387555804,6.8428571428571425
178,01100300304,600.3789978027344,780.3630065917969,1654.5640258789062,6.190476190476191
179,01100300305,480.7546081542969,866.8075805664063,1577.897021484375,7.085714285714285
180,01100300306,1121.7466634114583,1310.915751139323,1877.8564317491318,8.333333333333334
181,01100300307,316.3145065307617,841.1197509765625,1443.2099914550781,6.752808988764045
182,01100300308,583.2159957885742,1285.7349853515625,1541.4659881591797,6.2439024390243905
183,01100300309,412.87200927734375,1159.968017578125,1438.2960205078125,8.03225806451613
184,01100300310,567.8619995117188,1314.9580078125,1397.593994140625,5.916666666666667
185,01100300311,731.4110107421875,1275.9139404296875,1523.862060546875,8.716981132075471
186,01100300313,256.6719970703125,1049.123046875,1333.5350341796875,6.222222222222222
187,01100300315,767.343994140625,1220.2080078125,1559.7950439453125,0.0
188,01100300316,561.3244934082031,1181.3115234375,1353.7755126953125,8.647058823529411
189,01100300317,477.8834991455078,1250.8515014648438,1276.990478515625,8.466666666666667
190,01100300318,813.0799865722656,1132.3679809570312,1587.9149780273438,6.869565217391305
191,01100300319,392.22198486328125,1184.6729736328125,1197.9849853515625,7.0
192,01100300320,562.8309936523438,1162.64794921875,1355.281982421875,5.833333333333333
193,01100300321,520.4603373209635,1090.6333414713542,1311.6020100911458,7.533333333333333
194,01100300322,634.6486612955729,988.7276611328125,1332.531005859375,10.0
195,01100300401,567.6614990234375,726.5144958496094,1653.2630004882812,7.0701754385964914
196,01100300402,518.3590087890625,587.572021484375,1572.5439453125,6.471544715447155
197,01100300404,274.39366149902344,699.6273396809896,1359.3953043619792,7.633333333333334
198,01100300405,114.65299987792969,863.3155059814453,1106.1159973144531,9.24223602484472
199,01100300406,211.48099517822266,782.8215026855469,1271.8814697265625,7.423076923076923
200,01100300408,425.4729919433594,1217.9239501953125,1227.39404296875,8.297297297297296
201,01100300409,251.3320083618164,748.6050109863281,1211.9410400390625,0.0
202,01100300410,471.0174865722656,1131.1314697265625,1194.842529296875,8.26923076923077
203,01100300411,248.4720001220703,908.5859985351562,972.2969970703125,9.473684210526315
204,01100300412,251.5215072631836,897.8915100097656,1057.5595092773438,8.19047619047619
205,01100300501,448.38509022105825,3881.8609730113635,4089.0656960227275,0.0
206,01100300504,192.98500061035156,3661.55810546875,3899.7548828125,13.75
207,01100300505,49.7099986076355,3728.8629150390625,3967.0599365234375,5.333333333333333
208,01100300506,0.0,3679.153076171875,3917.35009765625,8.73076923076923
209,01100300601,447.88560180664064,4016.734619140625,4254.931640625,12.2
210,01100300602,410.4854990641276,3983.7025146484375,4221.899495442708,8.411764705882353
211,01100300603,646.8995598687065,3960.4013400607637,4198.598334418402,10.892307692307693
212,01100300604,205.0816386829723,3823.021728515625,4061.2187056107955,9.983870967741936
213,01100300605,332.093994140625,3790.549072265625,4028.74609375,8.846153846153847
214,01100300701,288.8582534790039,3623.0965576171875,3850.5784301757812,10.541666666666666
215,01100300702,268.1503321329753,3582.5274251302085,3813.4766438802085,10.619047619047619
216,01100300703,251.78833516438803,3587.5013020833335,3825.6983235677085,9.5
217,01100300704,169.88600413004556,3512.927001953125,3751.1240234375,8.478260869565217
218,01100300705,279.632750193278,3429.0107421875,3667.207763671875,9.035714285714286
219,01100300706,337.37628391810824,3394.5758928571427,3620.939208984375,12.368421052631579
220,01100300801,546.3045111762153,3625.693158637153,3774.705110677083,10.753846153846155
221,01100300802,677.833997938368,3393.113579644097,3540.2627766927085,11.121621621621621
222,01100300901,296.9977493286133,3781.9210205078125,4020.117919921875,7.181818181818182
223,01100300902,207.7095663888114,3632.7982352120534,3870.9952566964284,9.378787878787879
224,01100300903,360.89649963378906,3670.0549926757812,3908.251953125,10.916666666666666
225,01100300904,590.14599609375,3648.9190063476562,3887.1160278320312,10.0
226,01100300905,636.8098022460938,3604.703759765625,3842.90078125,11.484848484848484
227,01100300906,763.4520263671875,3517.5009765625,3755.697998046875,10.0
228,01100301001,448.1698303222656,502.87732950846356,1495.1284993489583,5.1
229,01100301002,247.95399475097656,671.9639892578125,1585.6490478515625,11.222222222222221
230,01100301003,480.8730010986328,610.5409851074219,1441.4819946289062,6.553846153846154
231,01100301004,342.62249755859375,678.9425048828125,1421.95751953125,11.16
232,01100301005,313.41900634765625,793.2799987792969,1268.2490234375,8.074074074074074
233,01100301006,315.9649963378906,1143.75,1173.6099853515625,7.5
234,01100301007,405.4339904785156,587.197998046875,1157.0250244140625,7.2
235,01100301008,262.9469909667969,1090.7320556640625,1195.531982421875,6.823529411764706
236,01100301009,370.07749938964844,856.0325012207031,1248.8894653320312,7.235294117647059
237,01100301010,656.190673828125,792.2110188802084,983.8613484700521,8.87037037037037
238,01100301011,476.7537536621094,1001.5875091552734,1188.1895141601562,8.917525773195877
239,01100301012,370.2430114746094,1060.0789794921875,1088.2359619140625,8.076923076923077
240,01100301013,499.4809875488281,958.9979858398438,1189.3170166015625,9.236842105263158
241,01100301014,441.3919982910156,1017.0869750976562,1131.22802734375,10.076923076923077
242,01100301101,132.76479949951172,3568.3486328125,3806.545654296875,9.702702702702704
243,01100301102,289.64499918619794,3578.9213053385415,3817.1183268229165,11.7
244,01100301103,629.5028033447265,3408.62869140625,3646.825673828125,9.73076923076923
245,01100301104,814.9234357561384,3317.6059919084823,3555.802978515625,8.333333333333334
246,01100301201,955.2410278320312,1007.8400268554688,1585.66796875,8.311475409836065
247,01100301202,848.377266438802,1505.5162109375,1720.404248046875,9.28
248,01100301203,934.2423095703125,980.6046549479166,1564.6693115234375,7.486486486486487
249,01100301204,751.3728332519531,1011.0805155436198,1376.243184407552,7.561797752808989
250,01100301205,797.843994140625,1144.7969970703125,1429.9849853515625,6.739130434782608
251,01100301206,565.1350021362305,1182.1495056152344,1261.2654724121094,7.23943661971831
252,01100301207,667.5560302734375,1296.4110107421875,1420.991943359375,0.0
253,01100301208,610.6122436523438,1330.2254943847656,1412.1710205078125,9.083333333333334
254,01100301210,532.5040283203125,1447.2020263671875,1450.8280029296875,9.292682926829269
255,01100301213,486.9830017089844,1401.6309814453125,1401.6810302734375,9.333333333333334
256,01100301214,453.4137420654297,1188.6722412109375,1200.2412414550781,8.279069767441861
257,01100301215,392.1310043334961,1306.8289794921875,1410.0750122070312,8.712765957446809
258,01100301301,697.7306722005209,969.9636840820312,1355.3470052083333,5.415094339622642
259,01100301302,754.8670043945312,966.4820251464844,1149.9860229492188,8.56
260,01100301303,606.7405090332031,983.4665222167969,1164.7275390625,7.76
261,01100301304,738.02099609375,930.29140625,1049.7083740234375,8.4
262,01100301306,598.2474975585938,1004.3730163574219,1088.0355224609375,8.290697674418604
263,01100301307,476.1370035807292,1102.5010172526042,1132.0913492838542,7.5476190476190474
264,01100301308,604.8297576904297,817.7927551269531,1113.470230102539,7.246913580246914
265,01100301309,183.87516148885092,982.1813151041666,1551.8694864908855,7.683257918552036
266,01100301401,500.82880249023435,3183.8142578125,3422.01123046875,10.26865671641791
267,01100301402,723.10302734375,3270.738037109375,3508.93505859375,10.0
268,01100301403,652.3809814453125,3233.08203125,3471.279052734375,0.0
269,01100301404,679.1896701388889,3003.623345269097,3241.8203125,10.520833333333334
270,01100301405,736.3296508789062,3038.3546549479165,3276.5516764322915,12.625
271,01100301501,508.718798828125,3192.070166015625,3430.2671875,10.872093023255815
272,01100301502,680.1372528076172,3020.6517333984375,3258.8487548828125,9.898305084745763
273,01100301503,863.0790100097656,2907.5615234375,3104.340576171875,9.56
274,01100301602,348.97349548339844,1009.0874938964844,1020.6405029296875,6.516129032258065
275,01100301603,590.239501953125,1052.0205078125,1115.6925048828125,8.666666666666666
276,01100301604,526.6675109863281,621.5505065917969,1090.70751953125,8.183673469387756
277,01100301605,475.37567138671875,794.2256673177084,928.6873372395834,8.477777777777778
278,01100301606,479.9026692708333,862.4816691080729,997.558349609375,8.794871794871796
279,01100301607,726.5759887695312,932.0015258789062,1042.1390075683594,7.8
280,01100301608,559.0570068359375,765.4439697265625,933.2449951171875,10.135135135135135
281,01100301609,611.9889984130859,854.1398773193359,933.8487548828125,8.64321608040201
282,01100301701,647.1309814453125,811.3480224609375,1336.967041015625,9.135714285714286
283,01100301702,1086.0159254807693,1219.5076998197114,1398.6109431340144,6.09433962264151
284,01100301704,738.3584899902344,1179.2954711914062,1406.718505859375,9.26865671641791
285,01100301705,856.3925170898438,1166.8705444335938,1414.468505859375,8.304347826086957
286,01100301706,499.2275085449219,1128.5945434570312,1512.5554809570312,8.419354838709678
287,01100301707,959.2790222167969,1262.404541015625,1319.5164794921875,9.137254901960784
288,01100301708,514.7739868164062,1136.6739501953125,1596.7249755859375,7.974683544303797
289,01100301709,1127.932373046875,1438.4103190104167,1552.2799886067708,8.324786324786325
290,01100301710,1016.4500122070312,1497.970947265625,1515.8790283203125,9.415584415584416
291,01100301801,793.891796875,1054.4496215820313,1206.2371826171875,8.21111111111111
292,01100301802,820.2239990234375,1013.2049865722656,1132.5680236816406,9.333333333333334
293,01100301803,693.6710205078125,796.7239990234375,998.8070068359375,8.119047619047619
294,01100301804,705.7897338867188,809.7552490234375,959.4450073242188,8.789473684210526
295,01100301805,626.2550048828125,1005.4530029296875,1291.3990478515625,8.184782608695652
296,01100301806,513.1322555541992,1026.3814849853516,1169.5132446289062,7.380952380952381
297,01100301807,721.9686686197916,854.0553385416666,977.2616577148438,8.934065934065934
298,01100301808,482.9630126953125,1167.592041015625,1175.2149658203125,7.530434782608696
299,01100301901,554.5544891357422,982.8310241699219,1722.3839721679688,9.0625
300,01100301902,665.4920043945312,792.9869995117188,1482.822998046875,9.08974358974359
301,01100301903,85.10700225830078,1373.3719482421875,1710.31494140625,9.439024390243903
302,01100301904,644.7267379760742,1044.0537567138672,1544.0492553710938,8.127272727272727
303,01100301905,242.77399698893228,1249.9866536458333,1655.2886962890625,8.654411764705882
304,01100301906,514.3839721679688,1579.626953125,1673.2349853515625,7.182795698924731
305,01100301907,1043.2739868164062,1233.10400390625,1295.1409912109375,7.621212121212121
306,01100301908,977.7546590169271,1506.0686848958333,1561.671630859375,6.584905660377358
307,01100301909,1078.7110595703125,1192.7320556640625,1301.3819580078125,6.705882352941177
308,01100302001,396.5659942626953,824.2029876708984,1020.0914764404297,8.46808510638298
309,01100302002,521.1119995117188,736.0960083007812,1227.35498046875,5.925
310,01100302003,602.5339965820312,654.6740112304688,1161.833984375,6.833333333333333
311,01100302004,580.2999877929688,836.7093302408854,1053.6793416341145,6.888888888888889
312,01100302005,201.55274963378906,872.3562469482422,1706.125244140625,6.8933333333333335
313,01100302007,169.3209991455078,840.3559875488281,1201.8040161132812,10.033898305084746
314,01100302008,201.96700541178384,849.3319905598959,1260.4809977213542,8.151515151515152
315,01100302010,453.01500447591144,646.9776611328125,1335.4939778645833,7.728813559322034
316,01100302011,174.92849731445312,1089.6265258789062,1278.4429931640625,7.935185185185185
317,01100302012,157.46066538492838,1058.3453165690105,1239.5993245442708,5.902439024390244
318,01100302101,530.852001953125,1445.55,1559.597021484375,9.866666666666667
319,01100302102,901.0530793563179,1768.4296875,2009.5972263502038,10.25
320,01100302103,462.2913309733073,1376.9893391927083,1567.2393391927083,7.5
321,01100302104,588.9030151367188,1503.6009521484375,1625.739013671875,7.487804878048781
322,01100302105,565.3940022786459,1480.0919596354167,1700.2483317057292,7.814814814814815
323,01100302106,184.1479949951172,1098.845947265625,1406.0589599609375,8.578947368421053
324,01100302107,327.02733357747394,1241.7253011067708,1548.9383138020833,7.955555555555556
325,01100302108,712.8140258789062,1572.47900390625,1911.925048828125,9.576271186440678
326,01100302109,881.6643337673611,1741.329345703125,2048.8908962673613,10.434782608695652
327,01100302110,481.3160095214844,1340.98095703125,1703.22705078125,6.454545454545454
328,01100302111,592.6853230794271,1452.350341796875,1814.5963541666667,8.457627118644067
329,01100302112,692.9760131835938,1094.5789794921875,1914.886962890625,7.761904761904762
330,01100302113,610.8780110677084,1459.0389811197917,1832.7889811197917,8.741935483870968
331,01100302114,1015.8939819335938,1847.9494140625,2226.07099609375,5.8
332,01100302201,491.64599227905273,1593.9762420654297,1747.9472351074219,8.333333333333334
333,01100302202,253.13499450683594,1315.3689575195312,1372.072998046875,8.652173913043478
334,01100302203,740.7550048828125,1102.6045227050781,1748.3375244140625,7.913043478260869
335,01100302204,556.6606648763021,1467.4846598307292,1561.7786865234375,7.574074074074074
336,01100302205,848.4664916992188,1226.135498046875,1349.5654907226562,6.3023255813953485
337,01100302206,783.7509765625,1494.7249755859375,1618.155029296875,7.296296296296297
338,01100302208,784.6279907226562,990.9190063476562,1503.1950073242188,7.9411764705882355
339,01100302209,835.6664644129136,880.572416417739,1718.7042451746324,6.875
340,01100302210,1032.7650146484375,1222.676025390625,1326.5260009765625,7.054794520547945
341,01100302211,860.7623189290365,908.3181660970052,1694.3993326822917,6.5
342,01100302212,1098.9769897460938,1145.2880249023438,1628.7009887695312,8.0
343,01100302301,178.3730010986328,865.1199951171875,1699.47802734375,7.666666666666667
344,01100302302,329.1745071411133,714.3185119628906,1633.1925048828125,7.907692307692308
345,01100302303,815.0280049641927,904.6990051269531,1932.1810099283855,7.211864406779661
346,01100302304,420.40049743652344,569.7105102539062,1348.3775024414062,7.9655172413793105
347,01100302306,450.8999938964844,592.593017578125,1454.2900390625,8.290909090909091
348,01100302307,782.5343424479166,912.3486735026041,1934.6066487630208,9.0
349,01100302308,378.20626068115234,781.2927398681641,1451.4862365722656,8.0
350,01100302309,250.4679946899414,872.3680114746094,1471.2369995117188,8.787878787878787
351,01100302310,504.3896789550781,675.5166625976562,1537.2136637369792,7.896551724137931
352,01100302311,375.385009765625,997.2849731445312,1596.154052734375,8.714285714285714
353,01100302312,484.2300109863281,1106.1300048828125,1704.9990234375,8.511904761904763
354,01100302313,574.2039794921875,792.3909912109375,1654.0880126953125,10.5
355,01100302314,1423.8657531738281,1724.4252319335938,2611.0712280273438,6.878048780487805
356,01100302315,1927.0527877807617,2037.5817337036133,2262.795867919922,12.6
357,01100302316,433.2040100097656,1055.10400390625,1653.9730224609375,8.73913043478261
358,01100302318,2131.311767578125,2440.02001953125,2869.657421875,7.090909090909091
359,01100302319,649.093994140625,1270.9940185546875,1539.5240478515625,4.777777777777778
360,01100302320,1116.1682739257812,1483.8445129394531,1811.6062316894531,6.923076923076923
361,01100302321,787.6119995117188,1773.9320068359375,1800.011962890625,6.285714285714286
362,01100302401,1080.9630643404448,1914.0803692157451,2289.2979266826924,7.390243902439025
363,01100302402,927.4650065104166,1650.831298828125,2149.3759765625,7.376344086021505
364,01100302403,970.00361328125,1740.1172119140624,2191.9145751953124,7.533333333333333
365,01100302404,1151.3589477539062,1534.2139892578125,2373.27001953125,7.709677419354839
366,01100302405,1038.8525085449219,1864.0054931640625,2260.7635498046875,7.5
367,01100302407,1329.3346761067708,2020.9189860026042,2551.2456868489585,6.845070422535211
368,01100302408,1152.95703125,1672.75,2374.867919921875,11.136363636363637
369,01100302411,1458.4759521484375,1674.218994140625,2680.386962890625,6.032786885245901
370,01100302412,1168.52197265625,1384.2650146484375,2390.43310546875,5.4
371,01100302413,1184.2466634114583,1873.897705078125,2184.180948893229,4.611111111111111
372,01100302414,1311.7355346679688,2136.888427734375,2533.646484375,10.428571428571429
373,01100302415,873.114990234375,1495.0150146484375,1752.5959879557292,7.282051282051282
374,01100302416,1520.6229858398438,2339.4195556640625,2490.4774169921875,6.285714285714286
375,01100400101,1714.029805501302,2436.1601833767363,2968.04052734375,6.348837209302325
376,01100400102,1261.4564819335938,2539.9215087890625,2740.8935546875,8.87012987012987
377,01100400103,886.0090026855469,2411.715087890625,2802.906982421875,7.614035087719298
378,01100400104,973.0872192382812,2435.5141330295137,2826.706108940972,6.686046511627907
379,01100400105,1022.0805053710938,2063.8704833984375,2455.0625,7.657534246575342
380,01100400106,1172.5130869547527,1395.6124165852864,1948.4537658691406,7.892156862745098
381,01100400107,1288.5548299153645,1542.7098388671875,1855.5670166015625,8.892857142857142
382,01100400108,2098.9337571088004,2382.817366656135,2655.3651464125687,0.0
383,01100400201,1320.16898890904,1567.9335763113838,1993.0590297154017,5.875
384,01100400202,1811.0552368164062,2323.9387817382812,2520.5499877929688,6.821428571428571
385,01100400203,1657.4644252232142,2301.0971330915177,2641.617257254464,6.666666666666667
386,01100400204,1457.4991548978364,1928.0160757211538,2222.6689171424277,9.04
387,01100400205,1527.1796020507813,1917.6635864257812,2072.6140991210937,10.5
388,01100400206,935.9372406005859,2811.6103515625,2998.583251953125,7.03030303030303
389,01100400207,1206.3789978027344,2744.8921142578124,3082.54658203125,6.466666666666667
390,01100400208,620.3674952189127,2923.706298828125,3106.0150553385415,5.076923076923077
391,01100400209,967.1954413519966,1664.5455593532986,1911.3233371310764,8.424242424242424
392,01100400210,1163.2806030273437,1759.9878092447916,1962.2491943359375,7.25
393,01100400211,1428.7422485351562,2598.4227905273438,2822.9832763671875,7.061224489795919
394,01100400212,543.0546569824219,2845.8546549479165,3206.5260416666665,7.439024390243903
395,01100400213,767.4990030924479,2841.6363932291665,3153.4076334635415,5.622448979591836
396,01100400214,708.0260009765625,2588.7339477539062,2979.926025390625,7.382352941176471
397,01100400215,95.71800231933594,2874.382568359375,3265.574462890625,5.218181818181818
398,01100400216,210.03900146484375,2642.883056640625,3034.074951171875,8.46031746031746
399,01100400217,818.0690973455256,3249.3662331321025,3430.224187677557,6.285714285714286
400,01100400218,1824.2136187486246,2502.4745818661972,2813.3880941901407,0.0
401,01100400301,1491.4209428267045,2577.216142134233,3184.3910023082385,8.098039215686274
402,01100400302,1215.8539916992188,2258.025390625,2858.30341796875,7.813953488372093
403,01100400303,1315.0805807674633,1770.2036563648896,2313.4716725068934,9.904761904761905
404,01100400304,1029.2915954589844,1790.0562133789062,2475.84921875,10.845070422535212
405,01100400305,850.8106689453125,1400.0260009765625,1990.8023274739583,9.214285714285714
406,01100400306,370.28500747680664,1362.2854919433594,2012.4472351074219,9.394736842105264
407,01100400307,649.905810546875,884.2596069335938,1451.293603515625,9.691729323308271
408,01100400401,1062.823501586914,1695.33251953125,2381.1254272460938,10.938775510204081
409,01100400402,924.9322509765625,1400.123779296875,2062.7887573242188,8.216666666666667
410,01100400403,669.9430135091146,1302.4519856770833,1988.2449951171875,9.938356164383562
411,01100400404,539.1999918619791,817.0376586914062,1576.2903238932292,8.079710144927537
412,01100400501,1597.4415079752605,1734.2343343098958,1994.3833414713542,9.0
413,01100400502,1779.5355224609375,1826.1199951171875,2071.3770141601562,4.0
414,01100400503,1799.8810119628906,1877.0740051269531,2234.02197265625,5.951219512195122
415,01100400504,1721.5373128255208,1798.7303059895833,2155.6783854166665,6.645161290322581
416,01100400505,1421.5425109863281,1483.2829895019531,1734.5299987792969,11.875
417,01100400506,1178.293906471946,1233.91064453125,1532.2131791548295,9.394117647058824
418,01100400507,1275.8785034179687,1401.251708984375,1758.5781127929688,10.435897435897436
419,01100400508,1029.7850341796875,1079.60498046875,1436.552978515625,5.743801652892562
420,01100400509,911.7099914550781,957.9980163574219,1331.239501953125,9.053097345132743
421,01100400601,513.5810089111328,2528.8399658203125,2920.031982421875,7.385714285714286
422,01100400602,706.7889997694227,2743.5802137586807,3116.367431640625,7.017241379310345
423,01100400603,937.6297322591146,2161.948347981771,2553.140348307292,7.7988505747126435
424,01100400604,1057.56298828125,2277.9970703125,2669.18896484375,8.583333333333334
425,01100400605,1076.5760498046875,2329.152099609375,2720.343994140625,7.75
426,01100400606,1459.2019856770833,2822.861328125,2894.0712890625,8.565217391304348
427,01100400607,1604.260009765625,2550.4310302734375,3046.5550537109375,8.458333333333334
428,01100400608,1109.60205078125,1368.3389892578125,2336.010009765625,7.1
429,01100400610,804.6922882080078,1586.3652954101562,2888.9563232421874,2.0
430,01100400611,1652.717041015625,2663.80810546875,3445.48095703125,10.0
431,01100400612,1274.7250162760417,2056.397989908854,2879.9659830729165,0.0
432,01100400613,1928.3406575520833,2360.224161783854,3096.614013671875,6.451612903225806
433,01100400701,1020.5925031389509,1144.35591343471,1604.5910034179688,10.666666666666666
434,01100400702,427.0504913330078,898.4219970703125,1532.529541015625,10.2375
435,01100400703,628.7678955078125,785.9531005859375,1398.6940063476563,8.915492957746478
436,01100400704,644.6900799091046,881.6991530198318,1286.2769305889424,9.86111111111111
437,01100400706,968.1815032958984,1046.4364929199219,1138.218505859375,11.727272727272727
438,01100400707,922.5769958496094,1018.9319763183594,1080.7509765625,9.96078431372549
439,01100400801,1822.921630859375,1900.1146240234375,2252.3330891927085,6.653846153846154
440,01100400802,1598.230712890625,1751.3597237723213,1936.2534354073662,9.733333333333333
441,01100400803,1704.9397583007812,1796.3757629394531,2104.9112854003906,10.818181818181818
442,01100400804,1427.5134887695312,1533.1925048828125,1821.833984375,7.958333333333333
443,01100400805,1428.0960083007812,1600.2401275634766,1843.1194915771484,5.0
444,01100400806,1240.493168271821,1462.2762724777747,1779.2129748114223,8.839506172839506
445,01100400807,1404.6468505859375,1569.1956961495537,1913.7582833426338,9.630434782608695
446,01100400808,714.9126671685112,1139.114997016059,1863.9956190321182,8.462068965517242
447,01100400809,982.1556599934896,1411.0603434244792,1620.1373291015625,11.1875
448,01100400810,1080.551025390625,1699.865966796875,1718.2969970703125,7.54054054054054
449,01100400811,864.4810028076172,1455.8132629394531,1611.2022399902344,9.150943396226415
450,01100400901,1279.6645769391741,1403.570835658482,1684.3248639787946,7.873563218390805
451,01100400902,493.71387532552086,866.6557942708333,1362.830859375,10.292929292929292
452,01100400903,765.8920288085938,1586.9010009765625,1752.7650146484375,8.084507042253522
453,01100400904,763.0379842122396,926.4230143229166,1710.7173665364583,7.357142857142857
454,01100400905,404.76750087738037,1198.7387390136719,1432.1380004882812,10.288
455,01100400906,353.69449758529663,1082.4709930419922,1160.33154296875,8.22
456,01100400907,292.8395360799936,1155.7272291917068,1466.7748553936299,8.375
457,01100400908,239.56900024414062,1215.6099853515625,1304.54296875,6.776119402985074
458,01100400909,134.96200561523438,1199.93603515625,1320.217041015625,7.909090909090909
459,01100401001,2257.738037109375,2906.60009765625,2909.839111328125,7.838709677419355
460,01100401002,1468.7899932861328,2160.688751220703,2228.2215270996094,6.3882352941176475
461,01100401004,1298.7816670735676,2131.6946411132812,2773.0809733072915,6.879518072289157
462,01100401006,1795.261962890625,2566.5380859375,2647.0,0.0
463,01100401007,163.87550354003906,1432.5864868164062,2238.0899658203125,6.4411764705882355
464,01100401008,2915.06103515625,3747.97412109375,4332.255859375,7.636363636363637
465,01100401009,682.7754821777344,1733.5874633789062,2773.5330810546875,7.875
466,01100401010,1412.0572357177734,2182.1797790527344,2671.733856201172,6.416666666666667
467,01100401011,2667.0163818359374,3052.0828125,3601.9484375,6.631578947368421
468,01100401013,2391.861376953125,2983.172265625,3834.910205078125,6.236363636363636
469,01100401014,2337.39599609375,2526.77197265625,3340.592041015625,5.0
470,01100401015,2784.178955078125,3392.1959635416665,4243.93408203125,6.0
471,01100401016,2481.20703125,2844.5550537109375,3696.29296875,7.65
472,01100401017,2364.02392578125,2974.85595703125,3826.593994140625,6.304347826086956
473,01100401101,821.8786824544271,1168.1212972005208,1551.1430257161458,8.761194029850746
474,01100401102,650.9897800021702,1341.5374484592014,1460.3346489800347,6.784403669724771
475,01100401103,706.2434997558594,1116.4280395507812,1470.6279907226562,9.764705882352942
476,01100401104,614.8737915039062,1253.7696044921875,1421.0085693359374,6.625
477,01100401105,623.5108032226562,1157.3511962890625,1415.85078125,7.583333333333333
478,01100401201,796.3334106445312,923.8133911132812,1341.6053955078125,7.794117647058823
479,01100401202,638.0196736653646,874.1363321940104,1246.1090087890625,8.68421052631579
480,01100401203,729.8053955078125,850.6728149414063,1379.873583984375,0.0
481,01100401204,648.5339965820312,816.8635101318359,1336.2590026855469,7.63013698630137
482,01100401205,547.1950073242188,907.9840087890625,1234.9200439453125,8.529411764705882
483,01100401301,725.533203125,915.7617919921875,1361.7192138671876,9.5
484,01100401302,636.7601623535156,1048.3133138020833,1396.7208251953125,8.101449275362318
485,01100401303,628.2589721679688,932.2919921875,1399.2769775390625,7.972222222222222
486,01100401304,422.84049224853516,1106.7345123291016,1305.1795349121094,8.28
487,01100401305,671.5150146484375,929.3350219726562,1531.93896484375,8.758620689655173
488,01100401306,451.52850341796875,1091.2875366210938,1356.7255249023438,8.666666666666666
489,01100401307,545.4860229492188,935.822998046875,1439.6619873046875,6.947368421052632
490,01100401308,611.7449951171875,869.5650024414062,1505.9210205078125,9.095238095238095
491,01100401309,486.10101318359375,969.0780029296875,1380.2769775390625,6.5
492,01100401401,458.7530008951823,1052.383321126302,1352.928955078125,7.813725490196078
493,01100401402,143.0546904343825,1030.016380896935,1405.2744610126201,7.988636363636363
494,01100401403,740.5676879882812,961.7109985351562,1607.7036539713542,9.495238095238095
495,01100401404,387.44850667317706,805.1798197428385,1636.4691569010417,10.401197604790418
496,01100401405,290.87298583984375,1164.3060302734375,1185.0489501953125,9.955555555555556
497,01100401501,553.6161804199219,1145.9564430930398,1415.8729913884943,7.861538461538461
498,01100401502,613.2877502441406,915.4494934082031,1473.8502502441406,8.43661971830986
499,01100401503,457.24586268833707,1194.7492850167412,1317.2692696707588,7.435483870967742
500,01100401504,708.8423767089844,1104.2373809814453,1447.0167541503906,7.2682926829268295
501,01100401505,382.905500793457,931.2742584228515,1496.0817443847657,6.948275862068965
502,01100401506,757.9305114746094,808.427490234375,1597.010498046875,7.012658227848101
503,01100401601,474.1601928710937,791.3727905273438,1858.27822265625,7.4222222222222225
504,01100401602,217.09650039672852,855.4934997558594,1553.7474975585938,9.333333333333334
505,01100401603,1116.64697265625,1149.1610107421875,1929.7030029296875,7.675
506,01100401604,149.53274726867676,1016.9664916992188,1340.6542358398438,9.65
507,01100401605,892.4672393798828,991.5644989013672,1615.5279541015625,9.27450980392157
508,01100401606,522.6625061035156,1012.5054626464844,1433.751953125,9.055555555555555
509,01100401607,479.27525329589844,587.8867645263672,1819.5929870605469,8.107142857142858
510,01100401608,341.1166229248047,1099.5498733520508,2406.9779052734375,8.866666666666667
511,01100401609,425.0836690266927,771.6236572265625,2047.7259928385417,7.868852459016393
512,01100401610,620.4509887695312,776.948974609375,1766.2110595703125,10.866666666666667
513,01100401611,673.4505004882812,1207.7379760742188,1367.3154907226562,8.62962962962963
514,01100401612,410.5486083984375,759.3420043945313,2026.393994140625,8.435897435897436
515,01100401701,982.6840209960938,1024.9849853515625,1994.4010009765625,7.764705882352941
516,01100401702,882.60498046875,1703.614013671875,1964.0279541015625,8.679487179487179
517,01100401703,671.4879760742188,713.7890014648438,1839.208984375,9.03448275862069
518,01100401705,279.1580047607422,1106.1189575195312,2231.5389404296875,6.683333333333334
519,01100401706,282.82300143771704,1152.9620090060764,2155.566202799479,7.9411764705882355
520,01100401707,463.621332804362,1376.1510009765625,2501.571044921875,7.953846153846154
521,01100401708,499.9315948486328,1608.055810546875,2248.956201171875,7.2727272727272725
522,01100401709,248.2489980061849,1516.9600423177083,2246.0159505208335,6.190476190476191
523,01100401710,768.6079813639323,1843.22802734375,2152.1873372395835,6.93
524,01100401712,1037.8246663411458,1717.7853190104167,2224.927001953125,8.15
525,01100401802,1364.6519775390625,1695.7225341796875,2378.5554809570312,8.028571428571428
526,01100401803,686.4311889648437,813.8423950195313,2031.1092041015625,7.836065573770492
527,01100401804,786.5760192871094,943.0740051269531,1659.697998046875,0.0
528,01100401805,797.6799926757812,1154.0240478515625,1389.135986328125,10.152173913043478
529,01100401806,652.7769775390625,1016.0709838867188,2273.029052734375,8.30379746835443
530,01100401807,548.6700134277344,1084.3483479817708,2358.1295572916665,9.18
531,01100401808,938.7070007324219,1302.0010375976562,2558.958984375,6.121951219512195
532,01100401809,599.4361623128256,1194.9778442382812,2477.1708170572915,9.578125
533,01100401810,518.8064880371094,1300.4794921875,2607.907470703125,7.857142857142857
534,01100401811,1028.5870361328125,1384.9310302734375,1620.04296875,8.708333333333334
535,01100401812,948.0035095214844,1320.6355285644531,2577.593505859375,8.245283018867925
536,01100401901,1030.6576741536458,1123.4146728515625,1371.8553059895833,6.864864864864865
537,01100401902,803.7577880859375,986.6937866210938,1767.76259765625,8.703703703703704
538,01100401903,854.5577430725098,1137.2024383544922,1607.6124954223633,8.52280701754386
539,01100401904,1249.4230143229167,1492.7648315429688,1751.83349609375,6.481481481481482
540,01100401905,946.3780212402344,1271.416015625,1761.0700073242188,8.413333333333334
541,01100401909,1481.281982421875,1577.5980224609375,2306.0439453125,7.595744680851064
542,01100402001,1202.5338236490886,1564.8806660970051,2387.138468424479,7.598484848484849
543,01100402002,2355.749237060547,2493.8720092773438,2662.4407958984375,7.808510638297872
544,01100402003,1621.0535074869792,1992.129150390625,3106.660400390625,7.131147540983607
545,01100402004,1926.6800537109375,2060.56103515625,2772.447021484375,6.519230769230769
546,01100402005,2016.94443359375,2208.227587890625,2546.465966796875,7.025
547,01100402006,1998.14501953125,2361.43896484375,2474.14892578125,8.56
548,01100402008,2360.292306082589,2554.008719308036,2783.540457589286,7.03030303030303
549,01100402009,1287.2049967447917,1971.2746988932292,2959.1126302083335,6.924050632911392
550,01100402010,2592.7672991071427,2769.4488583519346,3029.800560360863,13.5
551,01100402011,1365.926513671875,2566.5240478515625,3188.830078125,8.966666666666667
552,01100402012,1313.2220458984375,2411.263916015625,3055.172119140625,7.875
553,01100402013,1980.5775390625,2825.74189453125,3369.640413411458,10.75
554,01100402101,771.8599853515625,1553.532958984375,2818.715087890625,5.769230769230769
555,01100402102,686.9500122070312,1468.623046875,2776.051025390625,0.0
556,01100402103,733.8283487955729,1377.260986328125,2634.218994140625,6.043478260869565
557,01100402104,895.9348347981771,1302.4718221028645,2559.4298502604165,7.428571428571429
558,01100402105,946.52001953125,1683.8898111979167,2966.2135416666665,6.033333333333333
559,01100402106,1349.3251509232955,1794.792206735322,2980.6607481060605,10.071428571428571
560,01100402107,925.3797607421875,1532.2452392578125,2789.2033081054688,15.0
561,01100402108,1059.6700439453125,1487.5660400390625,2744.52392578125,12.5
562,01100402109,982.5782470703125,1355.2102355957031,2612.1682739257812,12.125
563,01100402110,1057.8017944335938,1430.4338134765626,2687.391796875,6.0508474576271185
564,01100402111,1147.9510498046875,1511.2449951171875,2768.202880859375,7.822222222222222
565,01100402113,1862.8025207519531,2235.4345092773438,3015.4625244140625,7.814814814814815
566,01100402114,2116.267049153646,2485.7862955729165,3050.7109375,8.058823529411764
567,01100402115,1415.7911580403645,2197.4641927083335,2940.457316080729,8.916666666666666
568,01100402116,1261.2257080078125,2042.8986409505208,2904.83203125,8.0
569,01100402117,1292.1425170898438,2073.8155517578125,2922.906982421875,7.675
570,01100402118,1803.1993408203125,2581.4396158854165,3026.6070149739585,10.318181818181818
571,01100402119,1830.4400024414062,2612.113037109375,3320.9990234375,8.724137931034482
572,01100402120,2340.2490521599266,3322.4475959329043,4207.214384191177,5.125
573,01100402201,908.0165100097656,1692.5982360839844,2284.1937255859375,6.666666666666667
574,01100402202,1324.2125244140625,2029.8714599609375,2592.9234619140625,6.205479452054795
575,01100402203,1491.9842041015625,2103.915185546875,2991.251416015625,4.930232558139535
576,01100402204,1214.89599609375,1539.863037109375,2808.573974609375,5.826086956521739
577,01100402205,755.3179931640625,1759.344970703125,3028.055908203125,8.14864864864865
578,01100402206,2648.6308244977677,3285.6728864397323,4145.35791015625,7.25
579,01100402207,1869.420186360677,2527.6536865234375,3666.6453450520835,7.45
580,01100402208,1128.387939453125,2104.761962890625,3373.472900390625,8.15
581,01100402209,1194.8995361328125,1619.366455078125,2675.2554931640625,8.21951219512195
582,01100402210,1710.6514892578125,2479.3729248046875,3748.083984375,5.357142857142857
583,01100402211,1554.2412414550781,1762.124267578125,2626.9002685546875,7.38
584,01100402213,1659.6295166015625,2452.9814453125,3721.6925048828125,5.583333333333333
585,01100402214,1135.9960021972656,2112.3699340820312,3381.0810546875,8.666666666666666
586,01100402215,954.9793090820312,1957.1396484375,3165.039306640625,7.979166666666667
587,01100402301,1677.3534545898438,2459.5235595703125,3728.2344970703125,6.172413793103448
588,01100402302,2550.4109933035716,3316.1241629464284,4533.214773995535,9.340909090909092
589,01100402303,584.0175018310547,2234.7330322265625,3503.4439697265625,8.0
590,01100402304,1208.9944458007812,2559.5650634765625,3828.2760009765625,4.25
591,01100402305,467.8760070800781,2408.3909912109375,3585.885009765625,7.586956521739131
592,01100402306,718.2335205078125,2142.656982421875,3212.032958984375,7.767857142857143
593,01100402307,237.125,2277.5380859375,3546.2490234375,6.684210526315789
594,01100402308,643.4840087890625,2269.9190673828125,3339.2950439453125,7.285714285714286
595,01100402309,1095.2120361328125,2398.364990234375,3273.181884765625,7.386363636363637
596,01100402310,760.6236145019532,2475.523779296875,3544.899755859375,5.987804878048781
597,01100402311,106.52799987792969,2621.19091796875,3777.114013671875,7.88
598,01100402313,387.83099692208424,2486.944580078125,3584.7970145089284,5.984
